,Run,X,Y
count,20.0,20.0,20.0
mean,10.5,-6.6075,-6.1385
std,5.916079783099616,0.8163840363069588,0.6029862091466541
min,1.0,-8.03,-7.8
25%,5.75,-7.04,-6.36
50%,10.5,-6.785,-6.0
75%,15.25,-6.1825,-5.86
max,20.0,-5.25,-4.96
